,episode,reward
0,0,-3333.6748024686913
1,1,-8119.706317466208
2,2,-8780.657818901129
3,3,-4075.3565536391943
4,4,-6858.082409543428
5,5,-9318.208353813676
6,6,-2094.689094938312
7,7,-3111.033095879623
8,8,-6162.111055234741
9,9,-7130.253316597996
10,10,-7750.811704464782
11,11,-8478.339324171859
12,12,-2107.6355673735025
13,13,-7138.710973108201
14,14,-2208.487976689175
15,15,-3765.2226457237916
16,16,-4056.102475948399
17,17,-4976.825819249757
18,18,-3212.619266105443
19,19,-2950.528571701404
20,20,-2698.328162285459
21,21,-3144.1486990775993
22,22,-3674.7320977586996
23,23,-7207.899974244064
24,24,-5027.446736427339
25,25,-3430.435693002867
26,26,-9197.859021650307
27,27,-6336.050045594015
28,28,-2757.4420133325157
29,29,-6833.493763503288
30,30,-3184.5390272762265
31,31,-5059.354493830374
32,32,-2112.6095760928706
33,33,-2659.6046237349756
34,34,-2102.7633833435502
35,35,-5568.643346224144
36,36,-5474.435128233821
37,37,-2844.0318568143384
38,38,-3371.395248370244
39,39,-2843.6853859629887
40,40,-2987.0389914595453
41,41,-2820.3405150454687
42,42,-5451.919978930289
43,43,-2646.0113447210906
44,44,-3079.9777409516996
45,45,-5112.816913449257
46,46,-4099.970361412994
47,47,-3258.7983732813736
48,48,-3153.812512365368
49,49,-5883.582049097413
50,50,-4220.375924081211
51,51,-6622.061008470855
52,52,-2843.926061621166
53,53,-3088.130469327246
54,54,-3073.86192231742
55,55,-3078.8879349545896
56,56,-3721.5489604865465
57,57,-3574.3767067310328
58,58,-4626.263647742668
59,59,-8302.799150937288
60,60,-3692.7445503763165
61,61,-3789.2313813430387
62,62,-7994.913769231791
63,63,-4737.010506518327
64,64,-9309.762799464432
65,65,-6569.495045595699
66,66,-7467.5145421014495
67,67,-7908.803077515179
68,68,-4302.324191924145
69,69,-7458.958912860321
70,70,-11695.100733351457
71,71,-3240.7459077121935
72,72,-4974.172376543338
73,73,-6894.5508538083695
74,74,-3684.913831816287
75,75,-7213.19485240244
76,76,-3344.1549307606374
77,77,-6411.0118169914085
78,78,-5618.312887076923
79,79,-4363.820475601137
80,80,-4813.319902670799
81,81,-4040.356975232558
82,82,-5009.81120740892
83,83,-2751.445298148386
84,84,-3278.636673009627
85,85,-4044.8804473214004
86,86,-3375.4000568924107
87,87,-4420.480804711027
88,88,-2629.254674064009
89,89,-2187.031643382911
90,90,-3490.427694684892
91,91,-6490.731456500834
92,92,-6240.942033214381
93,93,-2898.503853307671
94,94,-4703.135011869313
95,95,-4583.096738959237
96,96,-6431.691459975996
97,97,-5069.828973658543
98,98,-3888.273531732083
99,99,-4732.757947107329
100,100,-3675.573778904466
101,101,-3567.120560894872
102,102,-5146.5496762038165
103,103,-4240.50781125653
104,104,-5526.877818313935
105,105,-15643.42149207244
106,106,-2328.053555071735
107,107,-7107.51228032277
108,108,-3188.827328696146
109,109,-3033.974578077027
110,110,-2826.535497137628
111,111,-2119.9462567003416
112,112,-5936.309233235896
113,113,-6868.950639415028
114,114,-5511.573543797249
115,115,-6267.833147539155
116,116,-4434.687041964487
117,117,-3547.811602273299
118,118,-4552.527503337806
119,119,-6910.965900091341
120,120,-4087.623816209019
121,121,-3731.34759154395
122,122,-2564.1403151170307
123,123,-4099.413198685232
124,124,-5536.9812455609135
125,125,-4688.8879422049895
126,126,-5170.57028492009
127,127,-5760.724474806175
128,128,-7401.059245514589
129,129,-4448.712242722648
130,130,-5421.237518775701
131,131,-6864.475321648121
132,132,-3352.836283483771
133,133,-3668.969589667338
134,134,-2402.8079956469624
135,135,-5186.310491900564
136,136,-2441.2995600084328
137,137,-5148.733031554364
138,138,-3203.3211265045065
139,139,-2591.02031190056
140,140,-2387.0863622009947
141,141,-7412.922215635406
142,142,-4445.6222692646825
143,143,-3190.364892175071
144,144,-2489.4526933630004
145,145,-5003.653071165055
146,146,-3434.008664494578
147,147,-2183.61736005934
148,148,-9433.769320221349
149,149,-2290.118434925646
150,150,-4243.917793148278
151,151,-2301.593416112278
152,152,-6884.741814556051
153,153,-2346.4150240730014
154,154,-5223.91497345296
155,155,-2734.691750673568
156,156,-3556.4432241011973
157,157,-7722.925847364935
158,158,-5868.587479549993
159,159,-2544.864379993004
160,160,-2522.932538974168
161,161,-2191.6038663763393
162,162,-3764.47215815117
163,163,-4366.283605337845
164,164,-4222.510343533277
165,165,-6516.67107973766
166,166,-3004.9826525897956
167,167,-4615.676644912412
168,168,-2506.757668726893
169,169,-2536.702845710185
170,170,-2721.465909625622
171,171,-6496.1022137573045
172,172,-2459.805628067589
173,173,-7718.900313708706
174,174,-5489.39274169149
175,175,-2835.1989674337665
176,176,-2066.0023484282146
177,177,-4608.517133121665
178,178,-2774.9723427475374
179,179,-2372.7318873578724
180,180,-3837.4846594957226
181,181,-2118.5239376413933
182,182,-6519.610475522798
183,183,-4953.349131731611
184,184,-6532.975677968385
185,185,-3113.4034677450954
186,186,-2645.5982518061255
187,187,-3691.9416749092725
188,188,-5339.788402177432
189,189,-2166.936955901411
190,190,-2284.463963484705
191,191,-2112.074304485344
192,192,-2096.6163514833547
193,193,-2245.68594430308
194,194,-4395.058679123675
195,195,-8360.027636744226
196,196,-3303.441265465317
197,197,-3795.7853584485692
198,198,-2158.5600702229162
199,199,-5725.198449827076
200,200,-3469.836375589486
201,201,-3346.5125257796713
202,202,-2322.7625787067614
203,203,-3867.485267843849
204,204,-4129.89447265681
205,205,-5794.843437159651
206,206,-2914.7445336463647
207,207,-3340.07499240414
208,208,-2280.328975763998
209,209,-4515.0097320993955
210,210,-7465.858922905955
211,211,-3301.8611783816978
212,212,-2202.6124920441757
213,213,-5136.865996169693
214,214,-6615.667337822535
215,215,-3219.2402702094955
216,216,-3500.957788864863
217,217,-4182.741090324701
218,218,-3635.1567069817497
219,219,-3163.7874938455407
220,220,-4575.2853848371815
221,221,-2129.1979050259483
222,222,-2077.8347425219863
223,223,-6471.607096689956
224,224,-2882.4511336190153
225,225,-2180.064942450152
226,226,-2136.0331018135266
227,227,-3131.6100882485866
228,228,-7149.396356385321
229,229,-6407.657838210129
230,230,-7628.827096712451
231,231,-2476.606365864986
232,232,-2446.8033609958165
233,233,-6641.360962209641
234,234,-7962.971590867834
235,235,-3138.2307715539346
236,236,-2185.239298144975
237,237,-6415.94588982347
238,238,-6620.546665853816
239,239,-5290.977778999384
240,240,-2194.6722230090854
241,241,-2168.6978498382596
242,242,-3692.422738482119
243,243,-3948.6042715629824
244,244,-6159.9526018038805
245,245,-2182.0148173873213
246,246,-2154.7546730215527
247,247,-2250.1693487852626
248,248,-4415.861295423714
249,249,-3418.6941310009133
250,250,-2115.1961800962695
251,251,-2386.8135489878605
252,252,-3352.8770381909144
253,253,-4206.4081692831505
254,254,-3007.838628141304
255,255,-2159.780832219646
256,256,-2208.988289311575
257,257,-3006.871946359283
258,258,-3280.234552140866
259,259,-2169.1887585483687
260,260,-2952.1066024939105
261,261,-2458.259888890616
262,262,-6348.415618451576
263,263,-2168.440311357276
264,264,-7427.45028511377
265,265,-2729.1098206612924
266,266,-2179.796250288104
267,267,-5429.223129971055
268,268,-2312.113298564461
269,269,-2174.2342894325666
270,270,-5529.448860664603
271,271,-2283.2115941966526
272,272,-3351.8019004889197
273,273,-5948.736887455363
274,274,-2762.3992115521537
275,275,-4251.680019084754
276,276,-2192.2354061275523
277,277,-4395.95398234817
278,278,-8009.215362244328
279,279,-3954.766981040975
280,280,-5531.9702383580225
281,281,-3335.287542120828
282,282,-6231.325742466871
283,283,-5547.571597912367
284,284,-2918.125123758374
285,285,-6273.030423858276
286,286,-6343.13709806081
287,287,-6471.519781145336
288,288,-7080.552781982332
289,289,-6331.453922590808
290,290,-5446.127922942606
291,291,-3219.186870818018
292,292,-2080.0204312350043
293,293,-2503.4319213428994
294,294,-4062.7580096121596
295,295,-3899.9448313661787
296,296,-3507.568852826911
297,297,-3296.6295674569387
298,298,-8478.565960738553
299,299,-2188.2558806362367
300,300,-2296.156814996273
301,301,-2270.5413897654735
302,302,-2429.0813744317966
303,303,-2191.4961739690075
304,304,-2378.960205469043
305,305,-2346.2535850158943
306,306,-2349.551119487153
307,307,-3887.0209523007998
308,308,-4383.796096269352
309,309,-2409.917316257049
310,310,-5067.079811812913
311,311,-6171.943819704153
312,312,-2487.200379474016
313,313,-4544.745188765954
314,314,-7117.4653309267105
315,315,-4871.921135114951
316,316,-3462.044795022837
317,317,-7650.891204244584
318,318,-3613.2673153983005
319,319,-5715.559485301174
320,320,-5262.651369185676
321,321,-6522.858694458675
322,322,-3750.9949058011653
323,323,-3209.36509218175
324,324,-2769.0731732366376
325,325,-8714.915755387152
326,326,-5591.226537590046
327,327,-3728.0912917363275
328,328,-4429.901357870111
329,329,-3442.355675661749
330,330,-2109.170688687076
331,331,-3997.4625422336394
332,332,-4389.282561789982
333,333,-4576.736373804213
334,334,-2395.2548944752525
335,335,-4691.04465439195
336,336,-2141.9443560004584
337,337,-3639.349937838315
338,338,-6003.670209808347
339,339,-4125.192729517998
340,340,-4493.190010744165
341,341,-132.21582494014092
342,342,-3654.153952209518
343,343,-4535.727854203257
344,344,-2271.654866030682
345,345,-2338.9059833216
346,346,-5362.066003522467
347,347,-5590.176418219274
348,348,-3503.828335596435
349,349,-1918.7273526664108
350,350,-522.5730156290188
351,351,-3709.711498581295
352,352,-2269.4550501218564
353,353,-3800.451581299425
354,354,-5506.182616017466
355,355,-4107.758612350144
356,356,-3071.2085981022037
357,357,-2492.7680818509407
358,358,-5553.387498882989
359,359,-2120.4169749436437
360,360,-4781.992263110583
361,361,-4523.507445384201
362,362,-4878.5334465822725
363,363,-5494.545046351438
364,364,-4285.677398726755
365,365,-3315.097298771173
366,366,-2196.373912395938
367,367,-2574.5446208600033
368,368,-3620.673013638054
369,369,-2129.6895597462753
370,370,-5060.760223095784
371,371,-2326.028916746089
372,372,-4577.034830687108
373,373,-17957.683269364887
374,374,-2617.935196403395
375,375,-2311.0423870461527
376,376,-3800.9524476318275
377,377,-2521.2138057546003
378,378,-7368.804433746211
379,379,-2917.9632663809098
380,380,-468.11442240040674
381,381,-6007.169541485017
382,382,-2875.7449295076153
383,383,-3826.341426691888
384,384,-4748.468882803387
385,385,-5208.668045972532
386,386,-3321.646354546998
387,387,-373.12553816556056
388,388,-2489.2074411141625
389,389,-805.5743178261318
390,390,-2652.325603986048
391,391,-3229.5670362848323
392,392,-2144.1543125894377
393,393,-1670.918505350322
394,394,-753.5654765662607
395,395,-301.2124390041763
396,396,-2377.392308073046
397,397,-2596.660279470138
398,398,-611.5043562526903
399,399,-2078.1729230525602
400,400,-3063.8942294784397
401,401,-2352.9171347501137
402,402,-4340.421358278079
403,403,-2593.8534006505515
404,404,-978.4107484458999
405,405,-1919.865544614979
406,406,-3587.7549323761496
407,407,-1329.1854314595216
408,408,-504.7635832109829
409,409,-2339.5167921905245
410,410,-1281.0415266867408
411,411,-1428.0880033245262
412,412,-1759.9638480110523
413,413,-2774.9811605550394
414,414,-2539.247419278106
415,415,-7234.141256887146
416,416,-2995.9897805294213
417,417,-3893.0791328588653
418,418,-5667.321425859864
419,419,-5743.825752883571
420,420,-2739.0982659522892
421,421,-5217.730065350648
422,422,-2273.31155162376
423,423,-6444.362670980112
424,424,-4190.374722221957
425,425,-2580.095961742061
426,426,-721.5952737006207
427,427,-2833.8154592298115
428,428,-4455.009104918201
429,429,-2545.117008372433
430,430,-1820.545830941767
431,431,-3295.0059155677127
432,432,-6209.264068709822
433,433,-2818.7774354687954
434,434,-6025.512710348706
435,435,-3149.932565781736
436,436,-1625.4183513738863
437,437,-8729.842167141735
438,438,-4749.91249832975
439,439,-8210.291706923606
440,440,-4094.7105565058964
441,441,-3760.0221139200708
442,442,-6572.9762579515445
443,443,-7053.795669090338
444,444,-6077.165574954444
445,445,-2236.781889099451
446,446,832.362954351195
447,447,-364.0937473671552
448,448,640.8498339215644
449,449,-4368.296427283935
450,450,8381.025747998618
451,451,-2530.2721423406097
452,452,-3245.6970879738
453,453,-3398.266793350368
454,454,-2733.8062803088933
455,455,-2298.8894200483473
456,456,-2333.760973258294
457,457,-4520.259525901383
458,458,-3555.832982863516
459,459,-3119.5128623032956
460,460,-2721.422378665625
461,461,-3105.5777165822738
462,462,-3072.967429883673
463,463,-3158.347753606783
464,464,-6927.905901328529
465,465,-4778.106386564749
466,466,-4204.858451230683
467,467,-5369.929560039647
468,468,-2764.9893628137766
469,469,3298.825797036749
470,470,2462.7057654013693
471,471,-1473.5137135730183
472,472,-3041.1943046383312
473,473,-2980.063280402947
474,474,-3423.052743622637
475,475,997.2658027141294
476,476,3547.8986590985614
477,477,-2638.9520006802313
478,478,-4576.768047614867
479,479,-1019.8455199655771
480,480,1441.7618830097595
481,481,-1148.3737856993203
482,482,-2218.0393506486685
483,483,-1466.5330471906236
484,484,516.6350789476685
485,485,-3448.4027878169936
486,486,984.4903251702817
487,487,-3630.8933185474116
488,488,-1928.6981994702012
489,489,-1813.1689514313398
490,490,-330.8063006049954
491,491,-4966.644460642375
492,492,-4107.504131546539
493,493,-2679.048525152671
494,494,-3538.6582971750504
495,495,-5566.717862730858
496,496,2430.7471902010047
497,497,-3781.6929361746634
498,498,-321.0378467458863
499,499,-427.3830356084036
500,500,-2846.233451214651
501,501,42.772708625848736
502,502,-681.0663257178321
503,503,-677.5062546587214
504,504,-1521.9686316367035
505,505,-685.0754466511373
506,506,5406.2134228773775
507,507,2317.4794196896864
508,508,-1546.1091277052956
509,509,-538.3779423826782
510,510,1745.838816827783
511,511,6188.055913146983
512,512,697.0029998967289
513,513,571.7781747775515
514,514,3208.4886230186503
515,515,-2198.502686265439
516,516,-2590.682607979088
517,517,-2510.3695012512007
518,518,-433.22445409682246
519,519,-3515.576386714657
520,520,3163.1154035630443
521,521,-1336.723498863641
522,522,-2214.033652039771
523,523,-2184.369647685916
524,524,5148.141800917432
525,525,-2129.706967845239
526,526,1466.2246863491118
527,527,-1654.350414604612
528,528,-2027.9629565933517
529,529,-675.0117572548661
530,530,-481.3360369066668
531,531,3223.350125971822
532,532,4299.1455272342355
533,533,448.73874174722414
534,534,-1530.8865424945843
535,535,-143.31949108368985
536,536,6053.9239325534245
537,537,2118.332572441639
538,538,-318.57046540555916
539,539,1247.8728244925005
540,540,-10.151064238451
541,541,-3203.7696772126455
542,542,-220.8805010183725
543,543,-665.5957331306988
544,544,-439.24243807342305
545,545,-5655.6646716666655
546,546,-949.7764209077234
547,547,-4220.3470992094435
548,548,-1592.3314139780166
549,549,5234.109185359783
550,550,-826.0529841159528
551,551,-3086.326160678698
552,552,503.56943423429357
553,553,-380.85850523870397
554,554,1850.8720916219245
555,555,-1669.0994068406771
556,556,-1975.2556609407827
557,557,-627.2788782599575
558,558,-1630.006342758317
559,559,9938.120246410686
560,560,71.04289085811479
561,561,-6599.091583370701
562,562,-2362.0935800298294
563,563,5961.83812106436
564,564,1601.2355989781372
565,565,80.72344381107496
566,566,357.9032722862821
567,567,1678.8576259401657
568,568,-2268.5575285024
569,569,2374.902978166337
570,570,1247.7519060707675
571,571,3977.7735303191926
572,572,-2397.929641668828
573,573,5024.878112695768
574,574,-6106.903896766039
575,575,-6443.942389508686
576,576,-2883.7053894254323
577,577,-5858.235151740495
578,578,-2856.295369534979
579,579,-2741.22059134576
580,580,-2916.655214435742
581,581,6369.4269422727175
582,582,5559.426396085208
583,583,2286.537282086494
584,584,910.766357533074
585,585,-2439.764412816645
586,586,-3166.8409976162648
587,587,-4643.358912445549
588,588,-6200.93383207582
589,589,-5394.383570847831
590,590,-3465.7627361115938
591,591,6426.127697757621
592,592,-2363.5554548558243
593,593,-721.350016956859
594,594,-396.142705499052
595,595,393.1751162102394
596,596,-1987.931011535196
597,597,-889.7679327488156
598,598,1138.042379953582
599,599,966.8133659068071
600,600,-1039.4120474997476
601,601,-28.369957377455673
602,602,1785.4337868827001
603,603,1077.8098838505418
604,604,3805.7748228770342
605,605,1195.4101539582102
606,606,1985.5020838338514
607,607,1394.9351665929344
608,608,7175.984103815628
609,609,-31.65073014643599
610,610,-555.0453636570157
611,611,-1142.9617180208581
612,612,818.3071119537803
613,613,3142.2819125935193
614,614,482.9521241419784
615,615,-1009.7756845449624
616,616,-5303.257347456562
617,617,-2093.2647792380876
618,618,5043.745132455743
619,619,1817.9011558997163
620,620,-1214.2857512959363
621,621,-616.0969714884434
622,622,-402.262809421591
623,623,-2831.6052401014986
624,624,-924.2350771614944
625,625,6356.249803372748
626,626,6307.039844274738
627,627,2041.331156559514
628,628,1049.219467007453
629,629,4173.130844768658
630,630,3854.581054863219
631,631,4724.4120545622145
632,632,-2552.507124145899
633,633,-1049.2568540896734
634,634,392.54855570853033
635,635,1567.529885035226
636,636,2846.461279059934
637,637,8406.831496995906
638,638,7410.118390951891
639,639,-2627.645673781928
640,640,5411.985033888442
641,641,7612.450853854127
642,642,473.10712211260534
643,643,1030.0618118800162
644,644,-438.6014911082136
645,645,-632.8665029277327
646,646,-168.14618675239717
647,647,356.5005641072781
648,648,-277.3269521201735
649,649,1706.6054029653014
650,650,-3621.6325606302757
651,651,5248.9607693577955
652,652,10467.270932339161
653,653,2757.0930045485834
654,654,8251.540976124334
655,655,528.9613625474492
656,656,-595.4806330788779
657,657,7070.584518951868
658,658,4362.849251351303
659,659,-399.3048862376347
660,660,-539.2793387887441
661,661,10661.564463724637
662,662,3004.4341359755254
663,663,1219.3795946441146
664,664,-75.37359157256742
665,665,-5235.296373019666
666,666,-1234.9648722686088
667,667,-58.74376696569175
668,668,2600.2659779675796
669,669,491.2199815272588
670,670,7141.098890174715
671,671,-533.788475838739
672,672,4079.5245840997786
673,673,9774.940947217146
674,674,-3492.553959059756
675,675,5916.758170070489
676,676,-1382.6242661493839
677,677,-336.5670082197755
678,678,2927.74444313121
679,679,-2015.3006541764892
680,680,515.4164280286523
681,681,-205.21435519840924
682,682,1102.353914693167
683,683,-781.2237548091291
684,684,-2165.876882498587
685,685,-3323.349741040229
686,686,-819.1892963319744
687,687,-370.37424729000963
688,688,-6196.828009894469
689,689,-166.83780936705216
690,690,2532.7819756205317
691,691,2086.4422872964587
692,692,7463.248346370086
693,693,-1143.8367006051662
694,694,745.4716396885706
695,695,12237.583907043683
696,696,-1490.8351232837156
697,697,-3507.0974276570805
698,698,6927.188964847739
699,699,2673.0943053535348
700,700,-3959.5262966543823
701,701,-2025.5307214685038
702,702,4484.168663609344
703,703,-118.9942098370093
704,704,-1444.800925390994
705,705,659.4580647502485
706,706,-317.8144381673833
707,707,7068.371353611215
708,708,-2622.9157822622337
709,709,-1460.0220214847586
710,710,5737.819256579209
711,711,3057.3256295253677
712,712,3120.0069390927592
713,713,6307.950260351659
714,714,-132.56411994256928
715,715,6781.554059567925
716,716,-3621.3992116301124
717,717,1162.9005043190182
718,718,-11312.69713781626
719,719,147.57704496503948
720,720,-1435.5351655429276
721,721,4327.606712261537
722,722,5051.371462743852
723,723,6157.550219741318
724,724,-645.7075601756028
725,725,-2164.589823383213
726,726,-645.1346227903225
727,727,2805.201491574408
728,728,-3358.373127200287
729,729,-3524.739523458592
730,730,-3240.9206051261385
731,731,-3350.8836195636477
732,732,-646.4995205802225
733,733,-3816.8495486689944
734,734,-401.78675640235497
735,735,1260.229979000052
736,736,-3602.514513448103
737,737,7724.943281638928
738,738,-3449.2689059245145
739,739,-994.4761841390912
740,740,2481.363065731578
741,741,1303.167611534227
742,742,5642.202469373651
743,743,-845.2815722967189
744,744,-4476.933189024692
745,745,-191.9058873013737
746,746,1072.3953816028638
747,747,-75.77885504042297
748,748,-1090.0863065915582
749,749,9.100900904239097
750,750,1682.9176657770245
751,751,4621.698520820283
752,752,4679.447626687638
753,753,-1421.3008909024095
754,754,5545.955641265648
755,755,2037.9564926884855
756,756,1308.3893082473678
757,757,1303.9135009352653
758,758,-3282.5097372172186
759,759,3247.0318319699263
760,760,719.0395729056836
761,761,1732.89232505485
762,762,-461.23794840610367
763,763,-3451.361927477868
764,764,3856.4802407128614
765,765,5156.501182152605
766,766,6818.168499534624
767,767,3486.8258014962603
768,768,-1119.9429435202824
769,769,-1775.0329745316128
770,770,2765.347455316717
771,771,-915.6296173382117
772,772,1584.313998861504
773,773,-394.13227493537556
774,774,7098.305665782893
775,775,-326.9592097380694
776,776,5709.963334168507
777,777,-601.588286472876
778,778,1499.3233695220697
779,779,-1075.6825979480072
780,780,1339.581926238855
781,781,1386.6396674754274
782,782,8590.334395001672
783,783,6219.04731390786
784,784,8738.448745044092
785,785,1603.644975520561
786,786,6619.255409288653
787,787,10340.542030617427
788,788,-211.73385599261633
789,789,-223.3850949076675
790,790,3413.81540733727
791,791,1808.859250755557
792,792,1808.8743262646112
793,793,8598.90182475901
794,794,-2364.610206053414
795,795,-637.8390285072107
796,796,5251.077337990218
797,797,711.4515130048039
798,798,2183.6595757749296
799,799,-1905.830240545264
800,800,-541.4940258257886
801,801,-2126.7007682469075
802,802,919.4327006494377
803,803,878.4190050695365
804,804,-1923.6117752541013
805,805,1333.3632845286697
806,806,316.93519956404276
807,807,8869.73244007365
808,808,-256.9476494588123
809,809,4348.731573353314
810,810,8736.747861709033
811,811,2310.512003108697
812,812,-1516.0296306723546
813,813,-653.0994513759672
814,814,957.6939064490002
815,815,2451.3236760040663
816,816,3488.59365314109
817,817,2324.220737718301
818,818,1811.4666700117414
819,819,-1510.8971466890612
820,820,4199.675588526257
821,821,1578.5825582522746
822,822,4366.076563833313
823,823,3265.5288088559655
824,824,4981.194843004188
825,825,1699.4520019834722
826,826,-84.35074924544779
827,827,-416.77359994590665
828,828,5878.5771327734465
829,829,6199.312447043208
830,830,1172.6977511033124
831,831,574.815901735728
832,832,6966.589360034892
833,833,2803.540999960313
834,834,-2910.7868056386296
835,835,9381.126349342163
836,836,665.3248242065806
837,837,6334.8406042102015
838,838,3589.8510812751865
839,839,4317.545250887658
840,840,-630.9451890086957
841,841,7671.222348043382
842,842,389.72329971966474
843,843,1990.4934052778099
844,844,5685.713996555483
845,845,-679.5370193553622
846,846,946.9251147054069
847,847,2971.9503816728065
848,848,9481.488915582646
849,849,5735.193044861825
850,850,2669.0310769419157
851,851,8456.071594810763
852,852,5961.267686770833
853,853,-429.05005630199935
854,854,857.3755438313674
855,855,1308.5972050818086
856,856,3982.852787200195
857,857,5308.176932074966
858,858,-2158.132596358628
859,859,-2270.060686879465
860,860,6580.462054661891
861,861,-492.2321624735257
862,862,7971.238551141074
863,863,-466.6391413421395
864,864,-2918.489616757262
865,865,3395.0519450877728
866,866,838.0815160676402
867,867,-260.12032464896015
868,868,-1613.0380412702493
869,869,-771.5084054887814
870,870,6827.4474115403
871,871,-1394.8770744018193
872,872,817.0958341754217
873,873,-1093.7562002954426
874,874,2480.4841181215306
875,875,4939.483927012058
876,876,1410.9294331504643
877,877,1317.230400283596
878,878,4170.441654868564
879,879,7974.376970683923
880,880,-858.3935582857412
881,881,4741.751952446311
882,882,-764.9319004752006
883,883,-271.77642904416666
884,884,-3068.7789949324224
885,885,3596.309674847432
886,886,1780.1961817052252
887,887,-2951.5336344397574
888,888,4434.468389921192
889,889,4104.191915451836
890,890,-795.5385970072741
891,891,3640.680311322597
892,892,2638.0210492062224
893,893,11624.457286718682
894,894,1338.3970857436939
895,895,870.3692862533535
896,896,479.67535401743766
897,897,-434.57126595837303
898,898,4597.422358392257
899,899,-478.87708711255164
900,900,-2673.134046550165
901,901,1048.7391471547385
902,902,10868.907584704832
903,903,5898.482322828641
904,904,4673.729222439769
905,905,2211.9781001244764
906,906,6604.268393700762
907,907,9643.568637243961
908,908,9265.860669497175
909,909,3157.7107486955465
910,910,2758.5313101530055
911,911,1206.567288995489
912,912,208.7545060691111
913,913,-2863.501577824507
914,914,5449.523516779356
915,915,1209.3179243083046
916,916,8473.355799940888
917,917,656.1204343297654
918,918,6729.682703723498
919,919,2377.4995870342723
920,920,4404.6217488756265
921,921,-1809.129339300398
922,922,633.2465577059884
923,923,6698.231813235896
924,924,-30.774164603368718
925,925,4731.904876111883
926,926,-238.58277091248397
927,927,6812.129432126551
928,928,9866.532562817758
929,929,3297.4722734950847
930,930,-1268.0234418460489
931,931,-1783.6396547345623
932,932,2642.2117987383244
933,933,-1729.7089203160194
934,934,9238.569376190346
935,935,-1500.1647896007057
936,936,2282.288911577021
937,937,509.9910120261812
938,938,7949.7641749300055
939,939,3411.7707011896837
940,940,885.9667604121578
941,941,8912.020561481533
942,942,6090.434499579571
943,943,1313.225789166882
944,944,-1239.271123690081
945,945,-1198.225644982135
946,946,4640.781874740615
947,947,-922.3602118144233
948,948,629.9880538509324
949,949,7225.7716433616415
950,950,6891.118202847773
951,951,-1650.2566556273518
952,952,1210.8548420085062
953,953,697.7594303686324
954,954,-870.054175127774
955,955,-744.3788196025764
956,956,3578.056357154863
957,957,4789.526575068965
958,958,8549.371381382245
959,959,1574.7779890266297
960,960,-1859.0620862281278
961,961,2508.8623693704635
962,962,7352.161532100545
963,963,-544.3880670046331
964,964,4924.5819888102915
965,965,10773.817308118896
966,966,3344.64924128625
967,967,882.1326844681016
968,968,1293.7195723911973
969,969,4135.512576662528
970,970,4643.237205743298
971,971,6544.285342023051
972,972,-2217.978531560174
973,973,-119.9562463449206
974,974,4772.94857157783
975,975,-2666.20226645472
976,976,1244.8646993575117
977,977,3842.143919770356
978,978,6681.071667935039
979,979,-1066.110509450701
980,980,-394.3232700589592
981,981,7788.197104828516
982,982,-890.2994526697221
983,983,551.8599433709164
984,984,409.2018855364877
985,985,2284.669518035629
986,986,1255.9130362491928
987,987,46.80652871591292
988,988,-2269.32221147537
989,989,-1513.2726827588904
990,990,-191.09196782466802
991,991,3954.486180355064
992,992,931.8053515686815
993,993,-1770.671592519096
994,994,-272.3049073764914
995,995,10029.610086041634
996,996,-2105.3084464901485
997,997,4051.295675430374
998,998,-1562.2145874000876
999,999,5361.09204980428
1000,1000,-77.75905083392195
1001,1001,-2716.1326624502162
1002,1002,2615.924760462801
1003,1003,5242.299958863996
1004,1004,9839.667326309609
1005,1005,7286.360086784326
1006,1006,8412.791952473055
1007,1007,2587.073232860471
1008,1008,3492.459627026242
1009,1009,1578.559591088414
1010,1010,6612.389678910053
1011,1011,1942.9900791056684
1012,1012,1565.0013473511603
1013,1013,-1716.8460120500947
1014,1014,-431.7371472559323
1015,1015,2759.3531730846253
1016,1016,-2219.594021781721
1017,1017,356.32586561564585
1018,1018,-342.46594152746457
1019,1019,4808.010126915242
1020,1020,7427.914251834702
1021,1021,5704.300178450993
1022,1022,-1100.1656724395266
1023,1023,5106.3550041455155
1024,1024,7980.928931992632
1025,1025,1822.5715723827057
1026,1026,2783.8493436769204
1027,1027,13126.955201610223
1028,1028,-1736.4541515557216
1029,1029,7652.283105954213
1030,1030,4839.928065759617
1031,1031,9020.514662794003
1032,1032,-105.97622042023681
1033,1033,1530.1426064659695
1034,1034,9038.033790891068
1035,1035,764.7902334492096
1036,1036,1405.310115189321
1037,1037,3669.150780899546
1038,1038,-52.78507128894921
1039,1039,11113.255382973808
1040,1040,1145.5931653256416
1041,1041,3917.212044968426
1042,1042,9011.523175392484
1043,1043,843.294657449464
1044,1044,-3009.4910622531515
1045,1045,-3111.294531993427
1046,1046,-1942.9385626668752
1047,1047,6758.616602991355
1048,1048,-104.33341807528495
1049,1049,5060.349319173341
1050,1050,8312.033783250858
1051,1051,8446.855428557137
1052,1052,6640.750789674386
1053,1053,4866.1792717968865
1054,1054,676.036748750138
1055,1055,-3050.5983434320297
1056,1056,-2896.413222566815
1057,1057,1769.697870969273
1058,1058,923.9383679037151
1059,1059,565.5861700351802
1060,1060,1525.1068751253301
1061,1061,3153.761586812774
1062,1062,12385.638291055906
1063,1063,3383.0483152026914
1064,1064,1787.4983011474296
1065,1065,1521.904818382026
1066,1066,788.4565302609126
1067,1067,-2041.3996238889538
1068,1068,-2038.7438410066188
1069,1069,1964.3474309336052
1070,1070,3564.9322557878386
1071,1071,2708.8875880576757
1072,1072,4648.633099631678
1073,1073,1693.6117507648958
1074,1074,44.73125043401069
1075,1075,8100.121044164888
1076,1076,7478.267647412199
1077,1077,3131.4948551132957
1078,1078,8112.836577103026
1079,1079,8912.568533503929
1080,1080,5397.477428488346
1081,1081,4247.5225737317605
1082,1082,1135.2945956859958
1083,1083,10498.654579442098
1084,1084,-27.51922158160096
1085,1085,3765.5308844404008
1086,1086,2371.8308231864603
1087,1087,-44.393116301556574
1088,1088,-243.5582524421743
1089,1089,9574.264697956742
1090,1090,3915.6473613807834
1091,1091,-1230.2577383122748
1092,1092,8358.34011809313
1093,1093,3522.8236230087514
1094,1094,8831.71353806567
1095,1095,3816.0928834389747
1096,1096,7313.0705338150265
1097,1097,24.417890183101008
1098,1098,-2077.2562740336502
1099,1099,-2851.070550089404
1100,1100,-2222.2122862382016
1101,1101,6292.444842534704
1102,1102,-7420.157843006282
1103,1103,5512.83962073173
1104,1104,9456.81885426852
1105,1105,1162.5795880540763
1106,1106,6190.587209656533
1107,1107,-252.45040037705212
1108,1108,-624.1822720382361
1109,1109,-2307.743927921415
1110,1110,-2433.3037376340494
1111,1111,5439.0022671752795
1112,1112,-670.2766408973046
1113,1113,7577.460679624559
1114,1114,-407.0452560641129
1115,1115,795.628077332025
1116,1116,2783.852238193793
1117,1117,-1126.7079243718892
1118,1118,2781.382200184038
1119,1119,3864.277534310937
1120,1120,4068.8271010017515
1121,1121,8365.869647827034
1122,1122,5932.862413215862
1123,1123,4428.642875580423
1124,1124,7135.751764829957
1125,1125,4092.6248044442127
1126,1126,1503.523565509961
1127,1127,2941.2206319548086
1128,1128,910.8663266581507
1129,1129,-454.54201208024006
1130,1130,-246.94523204598954
1131,1131,8626.80625055902
1132,1132,-114.463232041413
1133,1133,8062.621505086603
1134,1134,-127.18657025681341
1135,1135,5750.1955324708715
1136,1136,2535.045562219689
1137,1137,-456.8129149549952
1138,1138,-3462.876824386363
1139,1139,-4954.019623149039
1140,1140,1795.819513505733
1141,1141,-66.5049246438482
1142,1142,1689.2217276515617
1143,1143,10113.00944613627
1144,1144,10930.540756116168
1145,1145,8672.687773611067
1146,1146,-1918.5657360702162
1147,1147,-45.41813643082992
1148,1148,6625.4459170263435
1149,1149,4590.234266103824
1150,1150,8312.660993495885
1151,1151,2580.2958616870505
1152,1152,8949.8438534546
1153,1153,-2776.6767643177595
1154,1154,3784.743682613041
1155,1155,9189.133310483818
1156,1156,8441.234197826354
1157,1157,-279.24528781856816
1158,1158,851.9812077707634
1159,1159,-1346.0695549310174
1160,1160,833.2912379499599
1161,1161,1820.7964210079801
1162,1162,8305.687177417945
1163,1163,1806.4844816750428
1164,1164,6099.329910632228
1165,1165,9341.960960975983
1166,1166,-179.13630300032196
1167,1167,-2016.348439370125
1168,1168,-143.87727053556614
1169,1169,4709.635858912679
1170,1170,5331.397141197404
1171,1171,871.2003322330047
1172,1172,953.3505271273002
1173,1173,692.9983116048011
1174,1174,1503.8996789833468
1175,1175,3219.8553510764286
1176,1176,9210.484791914649
1177,1177,1108.0160309150583
1178,1178,1213.5774319236684
1179,1179,10302.508973309086
1180,1180,10904.095752373194
1181,1181,6912.339374293001
1182,1182,1324.2099742394962
1183,1183,-2971.661276487156
1184,1184,2370.771959039803
1185,1185,62.37479019703687
1186,1186,1319.8523618928657
1187,1187,7403.057165131012
1188,1188,-78.15225847340298
1189,1189,6472.734891075577
1190,1190,87.80189388434837
1191,1191,4643.4926925902255
1192,1192,4586.18671392563
1193,1193,4812.761398900178
1194,1194,9143.484026798593
1195,1195,4012.714303001842
1196,1196,5050.8275043542235
1197,1197,10730.060780335363
1198,1198,9161.988804105731
1199,1199,9872.498942391941
1200,1200,7238.042734154899
1201,1201,-156.18632594292467
1202,1202,-543.8880454577159
1203,1203,1128.9008958567506
1204,1204,6970.866291752964
1205,1205,-220.20622355358546
1206,1206,324.0740272234916
1207,1207,161.7663483372944
1208,1208,-220.06772162200286
1209,1209,2035.0199995207495
1210,1210,34.015142184763135
1211,1211,10571.366208630916
1212,1212,4022.7937815808973
1213,1213,-2522.653753645799
1214,1214,-572.3469873590241
1215,1215,1943.6032551771568
1216,1216,825.3382199301559
1217,1217,-3754.8785831440964
1218,1218,7589.864259951227
1219,1219,-92.42819612245671
1220,1220,2931.756928775635
1221,1221,-1033.0853053645567
1222,1222,4209.797795930371
1223,1223,-86.78509171606697
1224,1224,4175.613848736307
1225,1225,-663.8591615845064
1226,1226,-436.8744099491614
1227,1227,4708.120728479534
1228,1228,6873.448603634355
1229,1229,4048.871823026374
1230,1230,-2890.8696308456106
1231,1231,-896.7326599282883
1232,1232,-119.96783048443945
1233,1233,4861.68858296486
1234,1234,9829.040365117311
1235,1235,6462.568566252881
1236,1236,9893.093174699918
1237,1237,11917.245874313057
1238,1238,8524.474222938341
1239,1239,5458.407882647792
1240,1240,2861.140531071489
1241,1241,-516.612622119126
1242,1242,4266.992302960604
1243,1243,5769.3243560528135
1244,1244,6314.852342263707
1245,1245,6598.675859467014
1246,1246,2029.392884816813
1247,1247,674.2154052827841
1248,1248,-1151.2775798363573
1249,1249,1636.4411268079502
1250,1250,3580.9570368844925
1251,1251,5007.961866276962
1252,1252,-2879.009720054089
1253,1253,4279.247954757199
1254,1254,4012.593049587007
1255,1255,-874.5530096315749
1256,1256,597.5535703567857
1257,1257,3078.754571675634
1258,1258,2060.17940952749
1259,1259,7058.236047554209
1260,1260,6830.455297223577
1261,1261,5625.67734432471
1262,1262,7357.782990108878
1263,1263,7064.21147915602
1264,1264,885.6578954837978
1265,1265,-888.0346094893498
1266,1266,2076.452885914238
1267,1267,1049.5482269447975
1268,1268,1036.3665796746004
1269,1269,2905.2081803167803
1270,1270,1927.9718159492986
1271,1271,-941.6919936810364
1272,1272,-2237.977307383626
1273,1273,-1538.3646423608081
1274,1274,-191.25854323084036
1275,1275,3255.8162560566134
1276,1276,11251.674353372924
1277,1277,2759.662580294261
1278,1278,-1561.343198882807
1279,1279,10608.07589731965
1280,1280,9620.072122826077
1281,1281,-2199.445675927565
1282,1282,-222.84229066883927
1283,1283,-0.22954998605109722
1284,1284,6820.105686397921
1285,1285,2694.30030218871
1286,1286,-506.0402598365381
1287,1287,3.0439318521134737
1288,1288,6464.357786114223
1289,1289,-2872.7837925667664
1290,1290,-2089.4024794383363
1291,1291,5611.83242480375
1292,1292,9439.193646055264
1293,1293,7663.730545426832
1294,1294,8508.811001755792
1295,1295,7016.076324834793
1296,1296,2515.2102126409036
1297,1297,-1449.9103831342597
1298,1298,6152.045719896596
1299,1299,366.434433346511
1300,1300,8959.635001963907
1301,1301,1411.2816859670365
1302,1302,5301.259570892549
1303,1303,2663.8356294614705
1304,1304,8289.820264135462
1305,1305,9554.521000104625
1306,1306,11447.615305704532
1307,1307,5079.123409429751
1308,1308,6764.907697235976
1309,1309,8779.192514061962
1310,1310,-528.005579692745
1311,1311,6429.577064104467
1312,1312,1398.504272250591
1313,1313,-663.4056924917886
1314,1314,9370.267831038644
1315,1315,3370.840667217896
1316,1316,4900.034371472414
1317,1317,7207.197760604079
1318,1318,2876.9159001722583
1319,1319,803.0072199817332
1320,1320,8982.10441840133
1321,1321,7481.883570456439
1322,1322,6778.339427992667
1323,1323,-139.6934869761992
1324,1324,6140.407540871595
1325,1325,10100.568278381415
1326,1326,4345.6770706960715
1327,1327,-2556.7602460819157
1328,1328,-2298.4758845702836
1329,1329,-2031.6327066306628
1330,1330,-2712.0156521551908
1331,1331,-2001.4934830078512
1332,1332,-2025.3366978139015
1333,1333,-2591.5989183667225
1334,1334,3877.05579270481
1335,1335,7542.189399442309
1336,1336,1288.0575226170226
1337,1337,-1352.1644037409244
1338,1338,7704.5515395849725
1339,1339,732.2737751264413
1340,1340,777.354480912551
1341,1341,4334.14420398865
1342,1342,4343.837314216502
1343,1343,2586.76381303354
1344,1344,1917.5355902442752
1345,1345,1526.3187717256424
1346,1346,-516.4353033461107
1347,1347,1013.9017121191246
1348,1348,-319.78136997599336
1349,1349,3493.9393700721594
1350,1350,11510.036915897
1351,1351,4982.252975576246
1352,1352,-844.000779944452
1353,1353,10773.122365389823
1354,1354,1694.3447582265494
1355,1355,8319.984245701293
1356,1356,3976.372579787837
1357,1357,3956.568066014692
1358,1358,1340.2412223475503
1359,1359,7039.542671625043
1360,1360,4424.931828440978
1361,1361,314.03596696825707
1362,1362,-244.0463680524647
1363,1363,3696.9705034316758
1364,1364,7586.318865550005
1365,1365,3239.3213846562176
1366,1366,10344.67991862114
1367,1367,2822.6478732019204
1368,1368,5593.102963172582
1369,1369,10704.413137194475
1370,1370,278.2571507651528
1371,1371,955.8362019583283
1372,1372,6319.147769432669
1373,1373,9498.20694857006
1374,1374,89.55098495735638
1375,1375,-2375.4004721528054
1376,1376,-1350.2127554513984
1377,1377,1188.8775728066594
1378,1378,-196.99176149576692
1379,1379,8209.839170524661
1380,1380,2163.556126822128
1381,1381,6663.1611750439815
1382,1382,13211.910859365373
1383,1383,72.28795263286611
1384,1384,853.8044577898756
1385,1385,-2272.912523808304
1386,1386,942.5546638742526
1387,1387,-489.1873265177005
1388,1388,10625.14256754993
1389,1389,7254.35961198744
1390,1390,6835.083142802325
1391,1391,1738.4346627923296
1392,1392,6261.3059306007
1393,1393,11.248787193284443
1394,1394,-2198.7697240202665
1395,1395,11081.7105935815
1396,1396,1163.6442436425086
1397,1397,4248.679431876329
1398,1398,1606.9068328052585
1399,1399,7221.360128443541
1400,1400,-2312.51024311694
1401,1401,-3229.6631750083234
1402,1402,-2496.5289527591262
1403,1403,4761.159735041907
1404,1404,1819.5400508622051
1405,1405,6438.5612932449985
1406,1406,-2905.9245207188706
1407,1407,3232.0775243378885
1408,1408,3952.758532319761
1409,1409,-426.3877713574668
1410,1410,4531.115883124752
1411,1411,9088.79093698942
1412,1412,-2440.698638631044
1413,1413,926.502676134739
1414,1414,-65.563462932432
1415,1415,10164.875957289501
1416,1416,11140.647840173053
1417,1417,9653.02603885627
1418,1418,7765.61416013511
1419,1419,6619.137853226892
1420,1420,4437.366377882386
1421,1421,1626.2558872512618
1422,1422,16067.880169799615
1423,1423,-299.2367698866535
1424,1424,8812.679890140485
1425,1425,2679.2593871178447
1426,1426,3331.1317517375146
1427,1427,7647.008437473917
1428,1428,8515.021253947953
1429,1429,1902.3886440603137
1430,1430,3176.0079211909815
1431,1431,4205.366085672911
1432,1432,4167.868123672287
1433,1433,6559.556811578819
1434,1434,6998.03173199041
1435,1435,-616.7209469608604
1436,1436,2410.940278719924
1437,1437,4428.880161838343
1438,1438,10807.18041645463
1439,1439,5210.7805981690835
1440,1440,2021.6886993993057
1441,1441,3776.758986629026
1442,1442,13597.302403261416
1443,1443,-450.3995301156135
1444,1444,12676.62109109539
1445,1445,7598.603028675088
1446,1446,-150.5429995889824
1447,1447,5129.625018564706
1448,1448,-2017.9212731019459
1449,1449,1312.0027308151793
1450,1450,63.9494762338536
1451,1451,88.7372787606173
1452,1452,8202.270861365829
1453,1453,-316.7078253112941
1454,1454,5751.800295260692
1455,1455,-949.2410786430764
1456,1456,6196.07924351993
1457,1457,1821.4567796758902
1458,1458,-541.6735098415893
1459,1459,-870.4027079375496
1460,1460,488.53609044445466
1461,1461,-781.316619879781
1462,1462,3293.92401664284
1463,1463,6011.914646735813
1464,1464,-1567.0144888005348
1465,1465,2246.69239489311
1466,1466,3740.4596544934748
1467,1467,3726.3573035416985
1468,1468,1147.244011584583
1469,1469,10714.123556262484
1470,1470,-424.2311797302086
1471,1471,-120.1615365716923
1472,1472,6982.163947197239
1473,1473,535.9747915471589
1474,1474,479.2564177490949
1475,1475,-155.70318589933186
1476,1476,9806.881332747473
1477,1477,1597.6727904731843
1478,1478,-1667.316840947835
1479,1479,11398.165361654117
1480,1480,-2119.6373208742207
1481,1481,5108.52755212823
1482,1482,-488.10786483149127
1483,1483,5098.101428703738
1484,1484,3677.000819741933
1485,1485,-593.9617627002981
1486,1486,7953.514640424216
1487,1487,1152.3852231262977
1488,1488,-2072.8003918020913
1489,1489,-2042.3078138508142
1490,1490,-2267.3297327955734
1491,1491,-2192.992709021549
1492,1492,-2573.6119914347337
1493,1493,-2254.349688030206
1494,1494,-3707.878106742479
1495,1495,-2056.616991779558
1496,1496,-2155.3687863293253
1497,1497,-2386.9319466682628
1498,1498,-2169.871728841175
1499,1499,-2091.2544864382544
